site,foodtrees
92408,27
92732,18
92945,27
92946,21
92949,21
92950,13
93056,20
93057,28
93058,21
93268,25
93270,20
93271,24
93272,28
93273,21
93274,25
93275,27
93380,24
93381,29
93382,24
93383,26
93592,22
93593,23
93594,21
93595,23
93596,27
93597,29
93598,26
93599,24
93600,21
93704,0
93705,17
93706,25
93707,18
93708,18
93916,29
93917,20
93918,15
93919,21
93920,20
93921,11
93922,21
93923,29
93924,28
93925,29
94029,29
94030,16
94031,20
94032,18
94033,25
94239,20
94240,29
94241,30
94242,18
94243,30
94245,24
94246,7
94247,17
94248,14
94249,23
94354,25
94356,24
94357,19
94358,28
94570,15
94571,27
94572,26
94573,25
94574,26
94575,22
94682,12
94683,27
94895,25
94896,12
94897,22
94898,24
94899,19
94900,19
95005,23
95006,21
95007,15
95008,29
95218,26
95219,29
95220,13
95221,29
95222,19
95223,23
95225,4
95329,21
95330,25
95331,27
95332,28
95333,16
95541,22
95542,21
95543,27
95544,20
95545,28
95546,26
95547,26
95548,12
95549,28
95550,8
95654,28
95655,28
95656,22
95657,28
95658,16
95866,18
95868,18
95869,0
95870,11
95871,22
95872,22
95873,14
95874,20
95875,23
95979,27
95980,19
95981,9
95982,27
95983,25
96195,4
96196,18
96197,23
96198,30
96199,22
96200,17
96307,21
96308,17
96521,13
96522,24
96523,16
96524,28
96525,18
96632,25
96840,26
96841,22
96842,22
96848,19
96953,26
96954,18
96956,29
97164,17
97165,22
97168,21
97170,15
97172,24
97278,24
97279,20
97280,28
97281,29
97282,19
97283,20
97490,19
97492,29
97493,17
97494,27
97495,5
97496,16
97497,27
97499,12
97500,5
97604,21
97605,16
97606,22
97607,21
97608,11
97813,9
97814,26
97815,17
97816,16
97817,22
97818,9
97819,24
97820,26
97821,23
97822,25
97823,24
97824,29
97825,23
97927,12
97928,26
97929,29
97930,24
97931,24
97932,25
97933,17
98137,16
98138,22
98139,30
98140,26
98141,20
98142,18
98143,29
98144,28
98145,27
98146,27
98147,24
98148,18
98149,29
98150,12
98252,16
98253,26
98254,14
98255,30
98256,22
98257,27
98258,26
98461,27
98462,9
98463,27
98464,25
98465,28
98466,0
98467,30
98468,30
98469,29
98470,28
98471,29
98472,23
98473,29
98474,30
98576,25
98577,9
98578,7
98579,22
98580,29
98581,29
98582,29
98784,24
98785,27
98786,30
98787,17
98788,17
98789,15
98790,21
98791,19
98792,26
98793,27
98794,29
98795,28
98797,30
98901,17
98902,4
98903,25
98904,29
98905,29
99109,26
99110,8
99111,22
99112,0
99113,8
99114,23
99115,27
99116,26
99117,29
99118,22
99226,29
99227,6
99228,14
99229,19
99230,21
99435,30
99436,20
99437,12
99438,16
99439,27
99440,21
99441,19
99442,30
99552,5
99553,19
99554,26
99761,15
99762,26
99763,22
99764,22
99765,25
99766,18
99877,12
99878,29
99879,16
100089,25
100090,27
100091,26
100177,28
100202,5
100411,10
100412,30
100413,14
100414,21
100415,28
100416,26
100527,24
100528,30
100737,11
100738,19
100739,27
100740,27
100743,27
100744,29
100853,21
100854,22
100857,26
101064,21
101065,26
101066,27
101067,26
101068,30
101069,30
101070,29
101072,30
101073,29
101178,0
101179,30
101180,29
101181,30
101182,30
101388,26
101389,29
101390,29
101391,28
101392,2
101393,29
101394,26
101395,27
101396,13
101397,27
101398,30
101503,30
101504,23
101505,29
101506,29
101507,28
101508,27
101712,28
101713,27
101714,24
101715,21
101716,0
101717,23
101718,28
101719,30
101720,30
101721,23
101722,30
101828,25
101829,28
101830,30
102035,27
102038,25
102039,25
102040,26
102041,21
102042,25
102043,30
102150,16
102151,25
102152,27
102154,9
102359,22
102360,22
102361,25
102362,30
102368,22
102476,16
102477,29
102685,28
102686,26
102687,24
102688,25
102805,26
259000,21
259001,14
259208,26
259217,21
259218,24
259425,22
259426,26
259434,17
259650,25
264641,16
264642,22
264643,9
264858,26
268110,30
270052,15
270053,23
270269,20
270270,30
342688,21
342689,26
342796,21
342798,24
342903,13
342904,23
342905,16
342906,29
342907,23
343012,17
343013,25
343014,22
343015,30
343016,11
343121,21
343122,16
343123,21
343124,20
343125,22
343232,24
343233,21
343234,25
343341,23
343342,22
343343,24
343449,26
343450,23
343451,28
343452,23
343557,17
343558,23
343559,28
343560,21
343561,23
343665,23
343666,23
343667,24
343668,27
343669,23
343670,15
343775,18
343776,21
343777,21
343778,26
343779,17
343886,29
343887,20
343888,14
343996,23
343997,19
344101,16
344102,22
344104,9
344210,21
344213,19
344215,22
344320,20
344321,28
344322,23
344323,13
344324,29
344427,25
344428,28
344429,26
344430,10
344431,20
344432,20
344433,13
344535,19
344536,9
344537,23
344538,30
344539,29
344540,24
344541,29
344542,14
344643,30
344644,25
344645,8
344646,25
344647,25
344648,29
344649,27
344651,23
344752,30
344753,25
344754,27
344755,30
344756,25
344757,24
344862,23
344863,16
344864,27
344865,26
344971,15
344972,23
344973,17
344974,27
345080,10
345082,23
345190,17
345191,30
345299,14
345300,19
345408,17
345409,13
345410,23
345411,30
345517,26
345518,26
345519,21
345520,25
345521,15
345522,27
345626,29
345627,30
345628,30
345629,30
345630,30
345631,14
345735,27
345736,25
345737,23
345738,27
345842,28
345843,22
345845,25
345846,30
345952,28
345953,27
346067,22
356362,19
356436,15
356437,24
356438,27
356439,30
356440,14
356441,11
356442,24
356448,21
356449,11
356450,27
356451,25
356452,19
356453,13
356454,27
356455,7
356456,15
356457,27
356458,26
356459,27
356460,27
356461,16
356462,20
356463,22
356464,20
356465,30
356466,18
356467,22
356468,20
356469,14
356470,20
356471,28
356514,30
356517,27
356518,4
356519,16
356520,27
356521,14
356522,26
356523,11
356524,13
356529,19
356530,13
356531,25
356532,16
356533,21
356534,20
356535,15
356536,14
356537,23
356538,16
356539,8
356540,21
356541,29
356542,24
356543,10
356544,20
356545,27
356546,28
356547,21
356548,26
356549,21
356550,26
356551,26
356552,21
356597,27
356598,29
356599,17
356600,30
356601,21
356602,12
356603,18
356604,5
356605,12
356606,18
356607,25
356611,27
356612,23
356613,10
356614,28
356615,27
356616,13
356618,16
356619,30
356620,15
356621,15
356622,24
356623,26
356624,26
356625,25
356626,24
356627,12
356628,12
356629,26
356630,21
356632,19
356677,28
356678,29
356679,26
356680,25
356681,14
356682,21
356683,25
356684,12
356685,27
356686,25
356687,26
356688,14
356689,19
356694,22
356695,30
356696,24
356703,28
356704,21
356705,24
356706,23
356707,12
356708,13
356709,3
356710,26
356711,23
356712,27
356761,18
356762,22
356763,17
356764,25
356765,29
356766,12
356768,22
356770,14
356771,13
356772,12
356784,21
356785,27
356786,28
356787,20
356788,17
356789,13
356790,23
356791,24
356792,24
356793,26
356794,20
356795,20
356796,17
356841,12
356842,15
356843,17
356844,23
356845,27
356846,0
356847,6
356851,25
356852,19
356853,19
356866,23
356867,28
356868,16
356869,1
356870,19
356871,23
356872,23
356873,22
356874,24
356875,26
356876,30
356922,22
356923,19
356924,25
356925,29
356926,18
356927,29
356933,30
356947,21
356948,16
356949,8
356950,16
356951,23
356952,26
356953,10
356954,23
356955,26
356956,27
357003,23
357004,27
357005,28
357006,12
357031,30
357032,23
357033,28
357034,23
357035,25
357036,30
357085,26
357086,22
357087,17
357088,26
357089,8
357090,26
357091,11
357092,26
357093,21
357098,28
357099,18
357100,18
357101,17
357102,22
357103,28
357104,25
357106,25
357107,23
357108,25
357109,11
357110,17
357111,26
357112,27
357113,20
357114,21
357115,18
357121,17
357131,23
357132,21
357133,8
357134,15
357135,26
357136,13
357137,19
357138,17
357139,26
357140,20
357141,22
357143,17
357144,29
357145,17
357392,26
357393,30
357394,17
357395,27
357396,28
357398,3
357399,30
357400,20
357401,26
357403,25
357404,14
357405,17
357406,0
357418,21
357430,22
357431,24
357432,18
357434,29
357435,24
357437,27
357438,29
362339,29
362341,30
362780,15
362782,29
362784,6
362786,28
362788,24
362790,20
362792,15
363014,30
363229,13
363231,23
363233,27
363234,21
363235,21
363237,20
363238,10
363239,19
363241,19
363243,15
363245,16
363247,24
363249,19
363251,24
363271,11
363457,28
363458,22
363459,29
363460,28
363462,21
363463,29
363464,25
363468,21
363469,28
363574,21
363581,23
363582,20
363587,26
363588,14
363682,29
363683,25
363684,30
363685,27
363686,15
363687,12
363688,20
363689,3
363690,30
363692,20
363693,26
363694,22
363695,27
363696,16
363698,25
363699,24
363700,22
363701,19
363702,20
363710,23
363720,22
363722,13
363804,30
363805,30
363806,20
363811,21
363812,14
363813,13
363908,25
363909,18
363910,29
363911,22
363912,23
363913,21
363914,30
363915,30
363917,28
363918,29
363919,30
363920,30
363921,22
363924,20
363925,24
363926,22
364025,28
364029,27
364030,26
364031,29
364036,26
364037,17
364038,24
364134,29
364135,30
364136,28
364137,27
364138,27
364139,30
364140,14
364141,12
364142,30
364143,29
364144,27
364145,15
364146,27
364148,16
364150,20
364152,21
364158,8
364160,23
364162,17
364168,15
364170,27
364172,19
364174,23
364357,4
364358,30
364359,24
364360,25
364361,21
364362,21
364363,20
364364,16
364365,27
364366,18
364367,25
364368,24
364473,25
364477,29
364583,27
364584,25
364585,21
364586,15
364588,27
364589,29
364590,24
364591,11
364592,29
364594,29
364596,17
364598,17
364604,22
364606,28
364608,24
364610,29
364616,22
364618,24
364620,20
364698,28
364699,29
364700,29
364701,30
364811,14
364812,30
364813,17
364814,21
364831,26
364843,23
364844,30
364921,28
364922,29
364923,30
364924,27
364942,28
364943,25
365032,30
365033,28
365034,20
365035,4
365036,22
365037,28
365038,27
365039,26
365041,30
365043,22
365047,24
365049,20
365051,29
365052,23
365053,21
365054,23
365055,21
365057,21
365059,19
365061,21
365063,28
365064,17
365065,11
365066,29
365067,20
365144,27
365145,28
365146,17
365164,25
365165,27
365255,30
365256,27
365257,26
365258,29
365259,24
365260,13
365261,15
365276,30
365284,28
365288,28
365366,30
365367,30
365476,26
365477,22
365478,23
365479,28
365480,23
365481,27
365482,8
365483,10
365485,27
365489,6
365491,30
365493,27
365495,25
365497,26
365499,25
365501,21
365503,26
365504,13
365505,29
365506,21
365507,30
365509,25
365511,25
365593,20
365698,26
365699,23
365700,23
365701,26
365702,27
365703,30
365716,11
365726,29
365733,30
365736,29
365737,26
365921,30
365922,26
365923,29
365924,17
365925,9
365927,25
365933,23
365935,22
365936,16
365937,8
365938,11
365939,16
365941,12
365943,25
365945,19
365946,13
365947,27
365948,23
365949,14
365951,17
365953,20
365954,22
366064,11
366140,17
366141,24
366142,24
366143,15
366147,10
366157,24
366167,9
366168,16
366174,27
366283,29
366286,20
366359,12
366360,30
366361,27
366362,28
366363,20
366364,23
366365,27
366366,19
366367,15
366368,28
366372,24
366374,23
366375,15
366376,14
366377,23
366378,20
366380,21
366381,27
366382,23
366383,26
366384,23
366385,19
366386,17
366387,25
366388,29
366390,12
366392,20
366393,22
366394,30
366395,23
366398,27
366399,24
366473,27
366502,24
366503,24
366578,19
366579,18
366580,15
366581,26
366582,17
366583,9
366585,22
366595,21
366599,21
366600,28
366601,25
366602,29
366603,25
366604,29
366605,18
366606,18
366607,24
366613,26
366614,18
366617,16
366618,28
366723,12
366797,23
366798,26
366799,19
366800,22
366802,13
366804,22
366812,26
366814,29
366816,12
366818,23
366819,30
366820,30
366821,17
366822,21
366823,26
366824,16
366825,20
366826,14
366827,19
366828,27
366831,28
366836,27
366908,23
366929,26
366940,22
366941,12
367014,19
367015,20
367016,27
367017,25
367018,25
367035,26
367036,18
367037,30
367038,26
367039,16
367040,19
367041,26
367042,20
367043,26
367044,13
367045,9
367046,7
367047,17
367048,17
367049,29
367050,26
367053,23
367159,24
367232,27
367233,19
367234,11
367235,20
367236,27
367250,29
367254,30
367256,29
367257,29
367258,13
367259,20
367260,20
367261,19
367262,23
367263,13
367264,9
367265,22
367266,26
367267,25
367268,29
367270,9
367271,20
367375,22
367376,19
367378,12
367379,27
367447,23
367448,14
367449,23
367450,10
367451,20
367452,29
367474,30
367475,29
367476,14
367477,17
367478,30
367479,13
367480,17
367481,30
367482,27
367483,13
367484,27
367486,28
367487,30
367488,27
367591,28
367593,23
367594,20
367595,30
367596,28
367689,14
367690,30
367691,18
367692,21
367694,23
367695,19
367696,5
367697,26
367698,21
367699,27
367700,22
367701,30
367702,30
367703,28
367805,22
367807,29
367810,22
367811,10
367906,25
367907,10
367908,29
367910,24
367911,24
367912,21
367913,24
367914,19
367915,30
367916,23
367917,23
367918,0
367919,0
368021,30
368022,18
368023,24
368024,30
368026,3
368124,24
368125,30
368126,27
368127,27
368130,27
368232,9
368338,30
368339,21
368340,26
368341,4
368345,30
368445,18
368551,28
368552,19
368553,28
368657,28
368762,22
368763,19
373372,25
373373,22
373374,28
373375,22
373376,29
373378,26
373379,26
373380,26
373381,14
373382,27
373383,24
373384,28
373389,30
373390,29
373391,29
373392,24
373393,21
373394,24
373395,29
373396,29
373397,25
373398,26
373401,7
373403,9
373404,7
373408,29
373409,23
373410,21
373412,30
373413,28
373414,30
373418,16
373419,30
373420,3
373421,29
373422,22
373423,28
373424,22
373425,25
373426,15
373427,7
373428,28
373429,30
373430,16
373431,23
373432,23
373433,7
373434,15
373435,17
373436,26
373437,24
373438,8
373439,27
373440,28
373441,7
373442,14
373443,4
373444,15
373445,27
373446,23
373447,23
373448,25
373449,23
373450,23
373451,22
373452,19
373453,17
373454,19
373455,27
373456,20
373457,25
373458,20
373459,30
373461,10
373462,27
373463,19
373466,0
373469,25
373470,4
373471,21
373474,7
373477,28
373478,28
373479,24
373480,15
373481,21
373482,20
377497,29
377498,24
377499,15
377500,23
377502,19
377504,22
377505,26
377506,29
377514,6
377515,30
377516,27
377517,11
377521,7
377522,12
377535,22
377536,21
377537,26
377538,18
377539,17
377541,18
377544,26
377545,27
377547,24
377548,19
377549,12
377550,18
377551,27
377552,16
377553,13
377554,25
377555,30
377556,23
377557,24
377558,29
377559,26
377560,16
377564,18
377565,0
377566,12
377568,8
377569,5
377570,23
377571,25
377572,30
377574,12
377575,30
377576,13
377577,21
377579,30
377580,27
377581,24
377582,29
377583,1
377584,24
377585,3
377586,9
377587,25
377588,22
377589,10
377590,16
377591,25
377592,20
377593,16
377594,22
377595,8
377596,22
377598,16
377600,12
377601,25
377602,12
377603,7
377604,19
377605,24
377606,1
377607,13
377608,26
377609,1
377610,9
377611,11
377612,18
377613,29
377615,0
377616,30
377617,9
377618,25
377619,12
377620,0
377621,26
377622,28
377623,12
377624,30
377625,11
377626,23
377627,20
377628,20
377629,3
377630,30
377631,20
377632,29
377633,23
377634,10
377635,24
377636,9
377637,2
377639,9
377641,29
377642,21
377643,30
377644,13
377645,5
377647,22
377756,20
377757,24
377758,29
377760,26
377761,9
377762,25
377763,29
377764,12
377765,24
377766,12
377767,23
377768,13
377769,25
377772,21
377773,22
377774,20
377775,9
377786,23
377794,25
377805,13
377806,9
377810,28
377811,12
377812,17
377817,28
377818,26
377820,22
377849,27
377850,17
377851,13
377852,21
377853,21
377854,27
377855,22
377856,7
377858,28
377859,25
377860,24
377861,28
377862,20
377863,26
377864,21
377866,26
377867,9
377868,16
377869,15
377870,16
377871,16
377872,12
377873,27
377874,20
377875,7
377876,9
377877,24
377878,23
377879,10
377880,26
377881,17
377882,17
377883,14
377884,21
377885,17
377886,17
377887,25
377888,15
377889,20
377890,27
377891,24
377892,24
377893,17
377894,21
377895,14
377897,22
377899,22
377900,26
377902,27
377903,26
377905,25
377906,23
377909,10
377910,20
377911,12
377991,23
377992,19
377993,23
377994,26
377995,20
377996,22
377997,22
377998,15
377999,26
378000,28
378001,22
378002,27
378003,17
378004,4
378005,10
378006,29
378007,13
378008,28
378010,18
378011,8
378012,7
378013,29
378014,11
378015,16
378016,23
378017,24
378018,18
378019,28
378020,14
378021,15
378022,16
378023,26
378024,19
378026,27
378027,20
378028,18
378029,19
378030,14
378031,12
378032,21
378033,5
378034,30
378035,20
378037,16
378038,29
378039,9
378040,20
378041,16
378042,27
378043,10
378044,27
378045,27
378046,26
378047,28
378048,25
378049,29
378050,24
378051,27
378052,22
378053,25
378054,17
378055,17
378056,23
378057,20
378128,27
378130,30
378131,21
378132,23
378133,13
378134,24
378135,28
378140,29
378141,27
378144,24
378146,27
378147,29
378148,2
378149,22
378151,22
378152,26
378153,25
378154,24
378155,29
378157,8
378158,8
378159,22
378176,13
378177,16
378178,17
378180,16
378182,21
378183,23
378200,19
378203,24
378204,30
378211,14
378212,26
378213,25
378215,28
378216,29
378219,14
378222,22
378246,28
378247,30
378251,20
